{
  "probe_no_bias": {
    "best_layer": 1,
    "best_dev_auc": 1.0,
    "auc_per_layer": {
      "1": 1.0,
      "2": 1.0,
      "3": 1.0,
      "4": 1.0,
      "5": 1.0,
      "6": 1.0,
      "7": 1.0,
      "8": 1.0
    }
  },
  "probe_bias_incorrect_suggestion": {
    "best_layer": 1,
    "best_dev_auc": 1.0,
    "auc_per_layer": {
      "1": 1.0,
      "2": 0.8571428571428572,
      "3": 0.5714285714285714,
      "4": 0.8571428571428572,
      "5": 0.8571428571428572,
      "6": 0.7142857142857143,
      "7": 1.0,
      "8": 1.0
    }
  },
  "probe_bias_doubt_correct": {
    "best_layer": 1,
    "best_dev_auc": 0.6666666666666666,
    "auc_per_layer": {
      "1": 0.6666666666666666,
      "2": 0.6,
      "3": 0.6666666666666666,
      "4": 0.6,
      "5": 0.6,
      "6": 0.6666666666666666,
      "7": 0.6,
      "8": 0.6666666666666666
    }
  },
  "probe_bias_suggest_correct": {
    "best_layer": null,
    "best_dev_auc": null,
    "auc_per_layer": {
      "1": null,
      "2": null,
      "3": null,
      "4": null,
      "5": null,
      "6": null,
      "7": null,
      "8": null
    }
  }
}