{
  "probe_no_bias": {
    "best_layer": 17,
    "best_dev_auc": 1.0,
    "auc_per_layer": {
      "1": 0.7692307692307692,
      "2": 0.8846153846153846,
      "3": 0.8846153846153846,
      "4": 0.8846153846153846,
      "5": 0.9230769230769231,
      "6": 0.9230769230769231,
      "7": 0.9230769230769231,
      "8": 0.9230769230769231,
      "9": 0.9230769230769231,
      "10": 0.9230769230769231,
      "11": 0.9615384615384616,
      "12": 0.9230769230769231,
      "13": 0.9230769230769231,
      "14": 0.9230769230769231,
      "15": 0.9230769230769231,
      "16": 0.9230769230769231,
      "17": 1.0,
      "18": 1.0,
      "19": 0.9615384615384616,
      "20": 0.9615384615384616,
      "21": 0.9615384615384616,
      "22": 0.9615384615384616,
      "23": 0.9615384615384616,
      "24": 0.9615384615384616,
      "25": 0.9615384615384616,
      "26": 0.9615384615384616,
      "27": 1.0,
      "28": 1.0,
      "29": 1.0,
      "30": 1.0,
      "31": 1.0,
      "32": 1.0
    }
  },
  "probe_bias_incorrect_suggestion": {
    "best_layer": null,
    "best_dev_auc": null,
    "auc_per_layer": {
      "1": null,
      "2": null,
      "3": null,
      "4": null,
      "5": null,
      "6": null,
      "7": null,
      "8": null,
      "9": null,
      "10": null,
      "11": null,
      "12": null,
      "13": null,
      "14": null,
      "15": null,
      "16": null,
      "17": null,
      "18": null,
      "19": null,
      "20": null,
      "21": null,
      "22": null,
      "23": null,
      "24": null,
      "25": null,
      "26": null,
      "27": null,
      "28": null,
      "29": null,
      "30": null,
      "31": null,
      "32": null
    }
  },
  "probe_bias_doubt_correct": {
    "best_layer": 3,
    "best_dev_auc": 1.0,
    "auc_per_layer": {
      "1": 0.72,
      "2": 0.8,
      "3": 1.0,
      "4": 1.0,
      "5": 1.0,
      "6": 1.0,
      "7": 1.0,
      "8": 1.0,
      "9": 1.0,
      "10": 1.0,
      "11": 1.0,
      "12": 1.0,
      "13": 1.0,
      "14": 1.0,
      "15": 1.0,
      "16": 1.0,
      "17": 1.0,
      "18": 1.0,
      "19": 1.0,
      "20": 1.0,
      "21": 1.0,
      "22": 1.0,
      "23": 1.0,
      "24": 1.0,
      "25": 1.0,
      "26": 1.0,
      "27": 1.0,
      "28": 1.0,
      "29": 1.0,
      "30": 0.98,
      "31": 1.0,
      "32": 1.0
    }
  },
  "probe_bias_suggest_correct": {
    "best_layer": null,
    "best_dev_auc": null,
    "auc_per_layer": {
      "1": null,
      "2": null,
      "3": null,
      "4": null,
      "5": null,
      "6": null,
      "7": null,
      "8": null,
      "9": null,
      "10": null,
      "11": null,
      "12": null,
      "13": null,
      "14": null,
      "15": null,
      "16": null,
      "17": null,
      "18": null,
      "19": null,
      "20": null,
      "21": null,
      "22": null,
      "23": null,
      "24": null,
      "25": null,
      "26": null,
      "27": null,
      "28": null,
      "29": null,
      "30": null,
      "31": null,
      "32": null
    }
  }
}